{"cameraMode":{"drawMode":0,"name":"Shaded","section":"Shading Mode"},"sceneLighting":false,"audioPlay":false,"sceneViewState":{"m_AlwaysRefresh":false,"showFog":true,"showSkybox":false,"showFlares":true,"showImageEffects":true,"showParticleSystems":true,"showVisualEffectGraphs":true,"m_FxEnabled":true},"in2DMode":false,"pivot":{"x":-8.699999809265137,"y":22.899999618530275,"z":0.20000001788139344},"rotation":{"x":-0.023997018113732339,"y":-0.00749776978045702,"z":-0.00017998147814068943,"w":0.9996838569641113},"size":1.732050895690918,"orthographic":false}