{"cameraMode":{"drawMode":0,"name":"Shaded","section":"Shading Mode"},"sceneLighting":false,"audioPlay":false,"sceneViewState":{"m_AlwaysRefresh":false,"showFog":true,"showSkybox":false,"showFlares":true,"showImageEffects":true,"showParticleSystems":true,"showVisualEffectGraphs":true,"m_FxEnabled":true},"in2DMode":false,"pivot":{"x":6.149121284484863,"y":-6.406488418579102,"z":40.14887237548828},"rotation":{"x":0.08532048016786576,"y":-0.04183424636721611,"z":0.0035855555906891824,"w":0.995467483997345},"size":43.605342864990237,"orthographic":false}